Code,Description,last_updated
1679576722,DAVID WIEBE,09-06-2025
1588667638,WILLIAM PILCHER,09-06-2025
1215930367,LAURENT GRESSOT,09-06-2025
1932102084,RAVI ADUSUMILLI,09-06-2025
1841293990,SUSAN WORTSMAN,09-06-2025
1750384806,ROBERT BISBEE,09-06-2025
1669475711,BIN SUNG,09-06-2025
1578566626,WARREN KUIPERS,09-06-2025
1487657532,ALLISON HUEBERT,09-06-2025
1396748448,CYNTHIA YOUNG-MAYKA,09-06-2025
1205839354,EMIL DIFILIPPO,09-06-2025
1114920261,RICHARD THACKER,09-06-2025
1932102985,MARK ROTHSTEIN,09-06-2025
1841293891,ELMER GIBBS,09-06-2025
1750384707,ALAN MARKMAN,09-06-2025
1669475612,DEBRA TROTCHIE,09-06-2025
1396748349,GEORGE GRUNERT,09-06-2025
1205839255,STEVEN GOLDBERG,09-06-2025
1114920162,JON DUBOSE,09-06-2025
1922001973,TERESA ANDERSON-KRULL,09-06-2025
1831192889,CRAIG COE,09-06-2025
1659374601,WENDY OBERDICK,09-06-2025
1568465516,RAWN SALENGER,09-06-2025
1477556421,STEVEN ROTH,09-06-2025
1255334207,RICHARD SOUCIER,09-06-2025
1164425112,BRIAN ISETTS,09-06-2025
1073516027,JOHN CHANG,09-06-2025
1619970662,LISA FRIEDMAN,09-06-2025
1245233295,JILL POTTS,09-06-2025
1871596825,TIMOTHY WOLTER,09-06-2025
1780687731,ARLENE STAUBSINGER,09-06-2025
1508869553,LEE VAN HOUTEN-SAUTER,09-06-2025
1417950460,JOHN GARCIA,09-06-2025
1225031271,JOHN SHEPHERD,09-06-2025
1134122187,CHERYL RUDNICKE,09-06-2025
1952304909,ALFRED VASTA,09-06-2025
1861495814,FRANCISCO SMITH,09-06-2025
1689677635,STEPHEN DURITSCH,09-06-2025
1598768541,BERTHA ARENAS,09-06-2025
1407859457,THOMAS MAGNIFICO,09-06-2025
1316940364,GEETHA CONJEEVARAM,09-06-2025
1124021175,DANA TRIPPI,09-06-2025
1033112081,JOHN FOGARTY,09-06-2025
1942203997,JACQUELINE MYERS,09-06-2025
1851394803,SPENCE HARPER,09-06-2025
1649273681,ROSE ANN RENOUF,09-06-2025
1558364596,TANVEER AKBAR,09-06-2025
1467455402,SCOTT MCCOY,09-06-2025
1376546317,MAURICE ALLGEIER,09-06-2025
1285637223,STEVEN LOWRY,09-06-2025
1194728139,SUSAN STEWART,09-06-2025
1003819046,BARBARA NYLANDER,09-06-2025
1912900952,STEPHEN KAUFFMAN,09-06-2025
1306849336,ERIC TOWNSEND,09-06-2025
1215930243,ANDREW VINCENT,09-06-2025
1932102969,TAMARA HELFER,09-06-2025
1841293875,ANDREA MARTIN,09-06-2025
1750384780,JULIE PERRIGIN,09-06-2025
1669475695,LYNN MCMAHAN,09-06-2025
1578566501,BAO QUOC LA,09-06-2025
1487657417,DANIEL CAREY,09-06-2025
1396748323,LAURA CAMPBELL,09-06-2025
1922001957,RICHARD PRESLEY,09-06-2025
1740283779,EMMANUEL JAVIER,09-06-2025
1477556405,CHARLES LINSENMEYER,09-06-2025
1295738227,JOHN DAY,09-06-2025
1104829134,RANDALL FALCONER,09-06-2025
1013910041,DOMINICK DETOMMASO,09-06-2025
1730182767,GARY SCHLEGEL,09-06-2025
1649273673,TODD KOPCZYNSKI,09-06-2025
1801899836,SARAH ZICHELLA,09-06-2025
1710980743,EVAN ALLEN,09-06-2025
1437152469,STEVEN FISHER,09-06-2025
1255334280,JAMES HENSARLING,09-06-2025
1164425195,MARIE JARBATH,09-06-2025
1073516001,DAVID ROSS,09-06-2025
1982607917,FREDERICK ROWLAND,09-06-2025
1700889730,KENNETH WEISS,09-06-2025
1619970647,JAYME LOTT,09-06-2025
1326041476,RICHARD SCHWARTZ,09-06-2025
1235132382,WILLIAM WALKER,09-06-2025
1144223298,KIRBY SMITH,09-06-2025
1053314104,RAMON UNGAB,09-06-2025
1962405019,ANWAR HAMAMI,09-06-2025
1871596924,PHILIP O'DONNELL,09-06-2025
1780687830,VENK MANI,09-06-2025
1699778746,LESLIE COOPERMAN,09-06-2025
1417950569,GLENN JOHNSON,09-06-2025
1225031370,NENA SY,09-06-2025
1134122286,TRACEY ROESING,09-06-2025
1861495913,ROBERT LEA,09-06-2025
1770586828,GHAITH MITRI,09-06-2025
1689677734,MELODY MARTIN,09-06-2025
1407859556,NEWTON PETERS,09-06-2025
1316940463,JORGE DIEZ,09-06-2025
1033112180,STEVEN TIPPS,09-06-2025
1851394902,STACIA MOORE,09-06-2025
1760485817,SAM MORAN,09-06-2025
1386647337,EDWARD PETRUSCH,09-06-2025
1013910066,JOHN FIORE,09-06-2025
1821091877,SUSAN HASKELL,09-06-2025
1558364505,ANDREW SPINAK,09-06-2025
1467455410,GEORGE STRATIGOPOULOS,09-06-2025
1285637231,CARLOS LOPEZ,09-06-2025
1003819053,THOMAS LACLAIR,09-06-2025
1912900960,TODD THOMASON,09-06-2025
1720081771,RICHARD WAYNE,09-06-2025
1639172687,MICHAEL ROPPOLO,09-06-2025
1548263593,PEDRO ESTORQUE,09-06-2025
1457354409,LIN-LIN LIU,09-06-2025
1366445314,KEVIN NETTESHEIM,09-06-2025
1902809957,IZIK YITZHAKI,09-06-2025
1811990864,JAMES GULLETT,09-06-2025
1629071675,ALEX SNEIDERS,09-06-2025
1447253497,SCOTT NAEGELE,09-06-2025
1265435218,CAREY LEEDS,09-06-2025
1174526123,EDWARD HOEHN-SARIC,09-06-2025
1083617039,DEBORAH STANLEY,09-06-2025
1801899851,ROBERT FERRIS,09-06-2025
1710980768,JOHN ORTMAN,09-06-2025
1528061579,NEIL WENSINK,09-06-2025
1437152485,LISA MORGAN,09-06-2025
1346243391,JAMES HOOVER,09-06-2025
1063415016,D BROOKS,09-06-2025
1972506921,DUNCAN FAGUNDUS,09-06-2025
1609879659,GLENDA PETROFF,09-06-2025
1518960566,JOHN IRWIN,09-06-2025
1326041377,CHARLES HEATON,09-06-2025
1235132283,RHONDA BUTTLEMAN,09-06-2025
1053314005,CLIFFORD SALES,09-06-2025
1306849344,SHELBY WHITE,09-06-2025
1215930250,KIMBERLY PAGE,09-06-2025
1023011061,WALTER LETIEN,09-06-2025
1932102977,NABIN SHARMA,09-06-2025
1750384798,HANNA VON HARDENBERG,09-06-2025
1578566519,JOHN SPANN,09-06-2025
1396748331,MICHAEL SORENSEN,09-06-2025
1205839248,JAMES HOLLANDSWORTH,09-06-2025
1831192871,DAVID COWDEN,09-06-2025
1568465508,JENNIFER ROST,09-06-2025
1477556413,MELISSA SIROIS,09-06-2025
1386647329,SCOTT LANCASTER,09-06-2025
1295738235,KRISHNA RAGOTHAMAN,09-06-2025
1104829142,HENRY TRIPP,09-06-2025
1821091869,PAOLA BASS,09-06-2025
1730182775,ROBERT NEE,09-06-2025
1588667521,ORRIN SCOTT SWAYZE,09-06-2025
1760485718,BRIAN STEPHENS,09-06-2025
1588667539,BARRY ZALLEN,09-06-2025
1497758445,JOHN MORSE,09-06-2025
1215930268,CHARLES YEN,09-06-2025
1124021167,SUSAN DILLMUTH-MILLER,09-06-2025
1033112073,DESIREE VAN BLARICOM,09-06-2025
1851394894,KENNETH GOODMAN,09-06-2025
1760485700,DAVID GELBER,09-06-2025
1679576615,MICHAEL PUTLAND,09-06-2025
1235132275,EWA HANSEN,09-06-2025
1144223181,EUGENE LITTLE,09-06-2025
1053314096,SAMUEL MURRELL,09-06-2025
1871596817,HOMER ABIAD,09-06-2025
1780687723,MEGAN HARGRAVE,09-06-2025
1699778639,JOHN CANON,09-06-2025
1508869546,MATTHEW BROUNS,09-06-2025
1225031263,WILLIAM LYTH,09-06-2025
1043213085,ERIC TODER,09-06-2025
1952304990,WILLIAM FLEET,09-06-2025
1861495806,JEROME JENNINGS,09-06-2025
1770586711,ROBERT TODD,09-06-2025
1689677627,CARRIE WARD,09-06-2025
1598768533,DAVID ARPIN,09-06-2025
1407859440,MICHAEL HAYNES,09-06-2025
1316940356,JAMES JARVISE,09-06-2025
1225031255,COLLINS KELLOGG,09-06-2025
1134122161,RODRIGO HURTADO,09-06-2025
1952304982,JACQUELINE JOHANSON,09-06-2025
1770586703,WILLIAM BRELSFORD,09-06-2025
1689677619,ROBERT ORGAIN,09-06-2025
1316940349,CINDY JANESKY,09-06-2025
1942203971,FADI SHAMSHAM,09-06-2025
1851394886,MICHAEL STOREY,09-06-2025
1760485791,PHILIP NEWMAN,09-06-2025
1588667513,JAY SOLORIO,09-06-2025
1558364588,GLEN GARNER,09-06-2025
1467455493,MELVIN MEDLOCK,09-06-2025
1376546309,EDWARD CHANG,09-06-2025
1285637215,GERRY LAWLER,09-06-2025
1194728121,DAVID BADOLATO,09-06-2025
1003819038,LESTER GOLDBERG,09-06-2025
1639172661,ANNU GOEL,09-06-2025
1548263577,STUART BALL,09-06-2025
1457354482,BRIAN ELLER,09-06-2025
1275536203,NOEL JANSEN,09-06-2025
1184627119,KELLY MEEK,09-06-2025
1629071659,JENNIFER KEGEL,09-06-2025
1538162565,SONYA SCHLEEPER,09-06-2025
1447253471,ANN LEPINE,09-06-2025
1265435291,HOWARD GILMER,09-06-2025
1336142363,MELISSA REYNOLDS,09-06-2025
1245233279,DAVID MCALLISTER,09-06-2025
1154324184,TERRI WILLIAMS-WEEKES,09-06-2025
1063415099,ADRIAN PELLEGRINI,09-06-2025
1972506905,AMY PEARSON,09-06-2025
1790788727,MARK RORICK,09-06-2025
1235132267,H LOWRY,09-06-2025
1144223173,ARMANDO SCIULLO,09-06-2025
1053314088,DAVID BROWN,09-06-2025
1962405993,DAVID SMITH,09-06-2025
1871596809,CHARLES EPES,09-06-2025
1780687715,NARENDRA DESAI,09-06-2025
1699778621,MICHELLE DIAZ,09-06-2025
1508869538,THOMAS HODGIN,09-06-2025
1326041344,MITCHELL LOWENSTEIN,09-06-2025
1235132259,JOHN MCNAMARA,09-06-2025
1053314070,GEORGE BOUSH,09-06-2025
1962405985,THOMAS BENSINGER,09-06-2025
1871596890,ROBERT FEIBEL,09-06-2025
1780687707,BENJAMIN HICKS,09-06-2025
1699778613,CHARLES PESSON,09-06-2025
1508869520,KATHLEEN HAASCH,09-06-2025
1225031248,GARY RYAN,09-06-2025
1134122153,JEFFREY HUNTER,09-06-2025
1043213069,DAVID BRUCE,09-06-2025
1952304974,HERBERT BROWN,09-06-2025
1861495889,MELISSA HUDSON,09-06-2025
1689677601,ALAN CHRISTENBERRY,09-06-2025
1598768517,SHARON YOUNG,09-06-2025
1407859424,RICHARD JACKSON,09-06-2025
1124021142,MARK DEWOLFE,09-06-2025
1033112057,ANN NYE,09-06-2025
1942203963,STACY DAVIS,09-06-2025
1851394878,JENNIFER CHRISTIANSEN,09-06-2025
1760485783,VINNOLIA MCBRIDE,09-06-2025
1679576698,JAMES KOSTREWA,09-06-2025
1588667505,SHEILA ROBERTS,09-06-2025
1497758411,PHILLIP HARSTON,09-06-2025
1306849328,IRFAN TAHIR,09-06-2025
1023011046,WILLIAM DOVE,09-06-2025
1932102951,JAIME JIMENEZ AGOSTO,09-06-2025
1750384772,YVETTE LOPEZ-GRANBERRY,09-06-2025
1578566592,DONALD DEWHURST,09-06-2025
1487657409,ROBERT PIERRON,09-06-2025
1396748315,GREGORY BARBER,09-06-2025
1205839222,MICHELLE BACHTEL,09-06-2025
1114920139,MARY DITMAN,09-06-2025
1922001940,THOMAS TERENZI,09-06-2025
1740283761,THOMAS KRIZMANICH,09-06-2025
1659374676,VICTORIA PERKINS,09-06-2025
1184627101,YAN CHEN,09-06-2025
1093718017,CHRISTOPHER LYONS,09-06-2025
1811990831,JESSE LEE,09-06-2025
1629071642,PHILIP JONES,09-06-2025
1447253463,DONNA JOHNSTON,09-06-2025
1265435283,PETER WILCOX,09-06-2025
1174526198,JON MORTON,09-06-2025
1992708911,NATHAN RUSSELL,09-06-2025
1801899828,EDGARD NAU,09-06-2025
1710980735,SYED BILGRAMI,09-06-2025
1528061546,MATTHEW FIGUEROA,09-06-2025
1437152451,JOHN POWELL,09-06-2025
1346243367,NAVID KAZEMI,09-06-2025
1255334272,GARY KUTSIKOVICH,09-06-2025
1164425187,BRIAN LAURSEN,09-06-2025
1073516092,RICHARD BELLI,09-06-2025
1891798815,BRYAN CIULA,09-06-2025
1700889722,CHRISTOPHER BURNS,09-06-2025
1619970639,DAVID GEISS,09-06-2025
1336142355,ROBERT STANDERFER,09-06-2025
1245233261,JACK GOLDSTEIN,09-06-2025
1154324176,RICK DAMRON,09-06-2025
1972506996,SAMUEL FLEMING,09-06-2025
1881697803,MARK DUFFIELD,09-06-2025
1790788719,LAUREN MCLOUGHLIN,09-06-2025
1609879626,JOHN CULP,09-06-2025
1518960533,RICHARD POLLAK,09-06-2025
1427051432,TODD TOLBERT,09-06-2025
1336142348,DONALD CLEMENT,09-06-2025
1457354490,JOHN LEONE,09-06-2025
1366445306,KORE LIOW,09-06-2025
1275536211,GRETCHEN CRAMPTON,09-06-2025
1184627127,STEVEN KAMBER,09-06-2025
1811990856,KATHRYN KOLTON,09-06-2025
1629071667,ANIBAL HADAD,09-06-2025
1538162573,ROBERT LATSHAW,09-06-2025
1447253489,JENNIFER BUTLER,09-06-2025
1356344394,LARRY CRADDOCK,09-06-2025
1265435200,FRED HOROWITZ,09-06-2025
1174526115,KAY MURPHY,09-06-2025
1083617021,SUSAN BEHEN,09-06-2025
1992708937,JANE PORTER,09-06-2025
1801899844,JEREMY TARTER,09-06-2025
1710980750,MARK KEOHANE,09-06-2025
1639172679,LYLE BACK,09-06-2025
1346243383,HARRY JONES,09-06-2025
1255334298,JEFFREY HUNT,09-06-2025
1164425104,ANGELA JANSSEN,09-06-2025
1982607925,UMAMAHESH YELLAMRAJU,09-06-2025
1891798831,LEE SNOOK,09-06-2025
1700889748,PANAGIOTIS FOURTOUNIS,09-06-2025
1619970654,MARK CRAWFORD,09-06-2025
1427051465,CHESS MILES,09-06-2025
1245233287,KRISTIE GERING,09-06-2025
1154324192,ELIZABETH OLDFIELD,09-06-2025
1972506913,WILLIAM SHAFFER,09-06-2025
1790788735,MELISSA INZENGA,09-06-2025
1609879642,KATHLEEN STALLSMITH,09-06-2025
1518960558,MARK JAMESON,09-06-2025
1245233477,RICK LONG,09-06-2025
1154324382,RICHARD CLOSE,09-06-2025
1972506103,RICHARD BENSON,09-06-2025
1881697019,BARBARA RUITER,09-06-2025
1508869736,CHARLES HARDEBECK,09-06-2025
1417950643,JAMES BARRETT,09-06-2025
1326041559,KRISTIE KIM,09-06-2025
1235132465,FLETCHER REYNOLDS,09-06-2025
1245233451,DORALINA ANGHELESCU,09-06-2025
1154324366,RAY RODRIGUEZ,09-06-2025
1063415271,DAVID CROMWELL,09-06-2025
1972506186,RODNEY HUTSON,09-06-2025
1699778803,ARTHUR WOMBLE,09-06-2025
1508869710,ROBERT GAYNER,09-06-2025
1417950627,ERIC PRIDE,09-06-2025
1235132440,CARLOS FRIAS,09-06-2025
1144223355,HANNAH-NGOC HA,09-06-2025
1962405175,FREDERIC STELZER,09-06-2025
1871596080,DARRINGTON ALTENBERN,09-06-2025
1780687996,SCOTT STEINMETZ,09-06-2025
1699778894,ADESOLA AWOMOLO,09-06-2025
1508869702,JOHN DEWALT,09-06-2025
1417950619,LARRY WOLFF,09-06-2025
1326041526,NATE QUILICI,09-06-2025
1235132432,MATTHEW MCCARTY,09-06-2025
1205839438,SCOTT TRAPP,09-06-2025
1336142561,MARY GRAHAM,09-06-2025
1871596072,SHERRYL PAVLICK,09-06-2025
1780687988,CHARLES RINEHART,09-06-2025
1598768798,LAURA BLAIR,09-06-2025
1316940513,CARL MINNING,09-06-2025
1225031420,DAVID GIRVIN,09-06-2025
1134122336,NARASIMHA REDDY,09-06-2025
1043213242,CARL WAGREICH,09-06-2025
1952304156,JOHN VARGA,09-06-2025
1861495061,JAMES FAIRFIELD,09-06-2025
1689677882,JOHN RANDOLPH,09-06-2025
1497758692,RAJESH DHAIRYAWAN,09-06-2025
1306849500,STEVE PETERSON,09-06-2025
1215930417,RAYMOND BARFIELD,09-06-2025
1851394050,GARY BRIDGES,09-06-2025
1760485965,MARK KAMPFE,09-06-2025
1679576870,CARLOS LEON,09-06-2025
1588667786,KATHLEEN HUDSON,09-06-2025
1396748596,CHRISTIANO CALDEIRA,09-06-2025
1205839404,MUHAMMAD YASIN,09-06-2025
1114920311,GREGORY THOMPSON,09-06-2025
1023011228,TRACY HARADON,09-06-2025
1932102134,JOSEPH RAMZY,09-06-2025
1841293040,JENNIFER GILES,09-06-2025
1669475869,ELIE FRAIJI,09-06-2025
1578566774,PHILIP TISDALL,09-06-2025
1487657680,DARSHAN ANANDU,09-06-2025
1295738490,J STEVEN POLSLEY,09-06-2025
1407859697,KATHLEEN CORKERY,09-06-2025
1225031412,GARNETTA MORIN-DUCOTE,09-06-2025
1043213234,BHUPINDER MANGAT,09-06-2025
1952304149,RICHARD SNYDER,09-06-2025
1689677874,KEVIN FRANK,09-06-2025
1902809395,MICHAEL NIBLO,09-06-2025
1306849591,SARALYN VOGEL,09-06-2025
1942203138,LALITHA BANDI,09-06-2025
1851394043,KEVIN BAYS,09-06-2025
1760485957,AMY PERRY,09-06-2025
1588667778,EMILE MATHURIN,09-06-2025
1205839495,JOSEPH CHRISTIANA,09-06-2025
1023011210,MAUREEN POLAKOWSKI,09-06-2025
1932102126,NAJAT DAW,09-06-2025
1841293032,PEDRO DE ALARCON,09-06-2025
1750384947,ALBERTO DE ARMENDI,09-06-2025
1578566766,CRAIG CARTIA,09-06-2025
1487657672,Y. SHIN,09-06-2025
1104829399,JAY PATTERSON,09-06-2025
1013910207,CORWIN BROWER,09-06-2025
1922001114,EDWARD RASHID,09-06-2025
1831192020,CATHERINE COATS,09-06-2025
1740283936,WILLIAM PFLANZE,09-06-2025
1659374841,KARIM LOPEZ,09-06-2025
1568465755,RUSSELL BELL,09-06-2025
1477556660,MICHAEL TRANOVICH,09-06-2025
1386647576,MARCELO PEREZ-MONTES,09-06-2025
1295738482,CRAIG BEARD,09-06-2025
1003819293,VADIM GALKIN,09-06-2025
1821091018,SEAN KAUFMAN,09-06-2025
1730182924,SHEELA BHAT,09-06-2025
1376546564,JEANNE KADET,09-06-2025
1194728386,ANDREW KASIC,09-06-2025
1902809197,JEFFREY DOME,09-06-2025
1811990005,DEBORAH NEWSOME,09-06-2025
1548263734,ROBERT SMITH,09-06-2025
1457354649,WILLIAM PARSLEY,09-06-2025
1366445553,JOY BRAKEL,09-06-2025
1275536468,MUHAMMAD ASAD,09-06-2025
1184627374,MELISSA KIRBY,09-06-2025
1093718280,LARRY AULL,09-06-2025
1801899091,DEBBIE RINDE-HOFFMAN,09-06-2025
1710980909,DAWN BLACK,09-06-2025
1538162722,JASON BOOTHE,09-06-2025
1447253638,BRIAN BEATTY,09-06-2025
1356344543,JAMES ALLEE,09-06-2025
1265435457,ROBERT REIER,09-06-2025
1174526362,JANA MYERS,09-06-2025
1992708184,CHRISTO KLELE,09-06-2025
1700889995,CLIFTON YATES,09-06-2025
1346243532,AARON STEIN,09-06-2025
1255334447,JOWHERI MULLICK,09-06-2025
1073516266,JOSEPH KLICK,09-06-2025
1982607172,CASS CULLIS,09-06-2025
1891798088,KENNETH RULE,09-06-2025
1619970894,KIMBERLY GORDON,09-06-2025
1528061702,ERIC BOOSE,09-06-2025
1437152618,MARTIN COHEN,09-06-2025
1346243524,ANGELA SEEDS,09-06-2025
1255334439,RICHARD RETTIG,09-06-2025
1164425344,SANDRA HANS,09-06-2025
1073516258,STEVEN HODGE,09-06-2025
1982607164,CARL GROVE,09-06-2025
1891798070,GEORGE KAPPAKAS,09-06-2025
1609879881,C. SHANE BUSSLER,09-06-2025
1518960798,JAMES HUNYADI,09-06-2025
1336142512,WAYNE BROWN,09-06-2025
1245233428,WAYNE BARBER,09-06-2025
1154324333,KEITH FALCAO,09-06-2025
1063415248,JORDAN DITCHEK,09-06-2025
1790788974,JOCELYN ENGLE,09-06-2025
1508869785,JERRY THOMAS,09-06-2025
1417950692,DAVID COHEN,09-06-2025
1326041500,MANUEL PRATS VEGA,09-06-2025
1235132416,DANIEL KAPP,09-06-2025
1962405142,MOHAMMAD UDDIN,09-06-2025
1871596056,MARTHA JOHN,09-06-2025
1780687962,RAUL LOPEZ VERGE,09-06-2025
1699778878,BARRY STALEY,09-06-2025
1407859689,JERRY MCCREERY,09-06-2025
1316940596,ANSON HSIEH,09-06-2025
1134122310,GARY SMITH,09-06-2025
1043213226,ROBERT ARONOFF,09-06-2025
1952304131,KRISTI SIGLER,09-06-2025
1972506988,PAUL HAN,09-06-2025
1881697894,KEVIN SHANNON,09-06-2025
1790788701,LAYTH MAOLOOD,09-06-2025
1609879618,DAVID MORRIS,09-06-2025
1518960525,DICKY BHAGAT,09-06-2025
1053314062,RICHARD MANN,09-06-2025
1871596882,DAVID DENEKA,09-06-2025
1699778605,DAVID MARDEN,09-06-2025
1508869512,ANDREA MCWHORTER,09-06-2025
1417950429,FRANK LISTELLO,09-06-2025
1225031230,GEORGE COLE,09-06-2025
1043213051,MARK GOROVOY,09-06-2025
1952304966,JOHN SALYER,09-06-2025
1861495871,STEPHEN REX,09-06-2025
1770586786,SHERRIE RICHARDS,09-06-2025
1689677692,NICOLAAS DE WETTE,09-06-2025
1598768509,ARPINE TACVORIAN,09-06-2025
1407859416,JEANNETTE VAUGHN-DOTTERER,09-06-2025
1205839214,KELLY SCHILLER,09-06-2025
1922001932,KATHLEEN FIELDER,09-06-2025
1740283753,THOMAS JONES,09-06-2025
1477556488,ANNELLE MAYGREN,09-06-2025
1386647394,REYNALDO GOMEZ,09-06-2025
1295738201,LOUIS STICKLEY,09-06-2025
1104829118,KENNETH ALLEN,09-06-2025
1013910025,JULIE ABRAHAMSON,09-06-2025
1821091836,GILBERT ANDERSEN,09-06-2025
1245233246,DAVID PARKER,09-06-2025
1154324150,MARISA ROWEN,09-06-2025
1063415065,DUANE BROOKS,09-06-2025
1972506970,GLENN PERELSON,09-06-2025
1881697886,FRANKLIN POLUN,09-06-2025
1790788792,WILLIAM BUCHAR,09-06-2025
1518960517,JUDY WARREN,09-06-2025
1326041328,ATEF TAWADROS,09-06-2025
1144223140,FRANCINE PIATT MILLER,09-06-2025
1124021118,LESLIE CHOW,09-06-2025
1033112024,IGOR KAPLANSKY,09-06-2025
1942203930,FARANAK SOTOUDEH,09-06-2025
1760485759,ANNE JACKO,09-06-2025
1679576664,JEFFREY HOROWITZ,09-06-2025
1588667570,SHARON ROOT,09-06-2025
1497758486,CHRISTIAN MATHIESEN,09-06-2025
1306849393,JEFFERY SPATHAS,09-06-2025
1215930201,LISA ELIAS,09-06-2025
1841293834,KEVIN WELLS,09-06-2025
1750384749,DEAN SMITH,09-06-2025
1669475653,YOSHIO NAKASHIMA,09-06-2025
1578566568,THOMAS KELLEHER,09-06-2025
1487657474,JAMES WESTMAN,09-06-2025
1396748380,LORI ELLIS,09-06-2025
1205839297,MIRIAM ROBINS,09-06-2025
1114920105,TIMOTHY OCHS,09-06-2025
1922001916,PAUL SCHOLL,09-06-2025
1831192822,RICHARD ARMSTRONG,09-06-2025
1740283738,ALAN SLOMOWITZ,09-06-2025
1659374643,HARRY ALBERS,09-06-2025
1477556462,HOWARD KIRSCHNER,09-06-2025
1689677866,ROBERT KROEGER,09-06-2025
1306849583,GEORGE PILCHER,09-06-2025
1033112214,MARK KOENIG,09-06-2025
1942203120,ANDREW SAGER,09-06-2025
1679576854,JOHN JOHNSON,09-06-2025
1497758676,RUSSELL VANHEMERT,09-06-2025
1114920394,JENNIFER BOALS,09-06-2025
1710980982,MARK JAFFE,09-06-2025
1629071899,J GAVIN MUIR,09-06-2025
1447253612,MICHAEL BOSAK,09-06-2025
1356344527,MARK TULECKE,09-06-2025
1265435432,LOUIS DIGIOVANNI,09-06-2025
1174526347,ARVIND SHAH,09-06-2025
1083617252,CHARLES LEPKOWSKY,09-06-2025
1992708168,MUBEEN CHIDA,09-06-2025
1619970886,MARY BOYLE,09-06-2025
1437152600,JAMES WALSH,09-06-2025
1346243516,TERRY WADE,09-06-2025
1255334421,MARK CONRADT,09-06-2025
1073516241,MARK CAROLAN,09-06-2025
1891798062,PHILLIP SINGER,09-06-2025
1609879873,GERARD O'CONNOR,09-06-2025
1518960780,PAMELA KIRBY,09-06-2025
1871596049,MARCIA NIBERT,09-06-2025
1780687954,HENRY PURVIS,09-06-2025
1699778860,JONATHAN TREISMAN,09-06-2025
1407859671,BENJAMIN FREEDMAN,09-06-2025
1316940588,PAUL FOWLER,09-06-2025
1134122302,CHARLES BURNETT,09-06-2025
1043213218,MICHAEL BAWEK,09-06-2025
1952304123,CARL CONWELL,09-06-2025
1861495038,LORRAINE CHESEK,09-06-2025
1689677858,PAUL HOLLAND,09-06-2025
1598768764,EVERETT HART,09-06-2025
1306849575,SHAWN CLARK,09-06-2025
1215930482,JUDITH BAKER,09-06-2025
1124021399,JEFFREY GOULD,09-06-2025
1033112206,JOHN BURCH,09-06-2025
1942203112,GREGORY SAMBUCHI,09-06-2025
1851394027,DEBRA BOENDER,09-06-2025
1760485932,MARY JO HART,09-06-2025
1588667752,KEITH KOBET,09-06-2025
1861495046,GEORGE SONNIER,09-06-2025
1770586950,PAUL MUETING,09-06-2025
1497758668,JAMES MAYES,09-06-2025
1023011293,FEREYDOON ADIBI,09-06-2025
1932102100,JENNIFER CRAIG,09-06-2025
1841293016,RUSSELL SWANN,09-06-2025
1750384921,ROBERT VEITH,09-06-2025
1669475836,TAMI REMINGTON,09-06-2025
1578566741,ROBERT COCKROFT,09-06-2025
1487657656,MULKI BHAT,09-06-2025
1396748562,GERIANNE GESZLER,09-06-2025
1013910280,PATRICK LEU,09-06-2025
1487657649,RICHARD TUCKMAN,09-06-2025
1396748554,STEPHEN DALTON,09-06-2025
1013910272,RICHARD HURLEY,09-06-2025
1740283902,MARIE MILLER,09-06-2025
1659374817,ERIC OSTERBERG,09-06-2025
1568465722,AMY WICKE,09-06-2025
1477556637,MARY HAYES-MACALUSO,09-06-2025
1295738458,MARY TOPORCER,09-06-2025
1003819269,ALEKSANDAR JANKOV,09-06-2025
1912900176,SUZANNE LEBLANG,09-06-2025
1649273806,DIANE HUGHES,09-06-2025
1467455626,ALICE GIBSON,09-06-2025
1376546531,TIMOTHY PETTINGELL,09-06-2025
1285637447,PHILLIP BRESSMAN,09-06-2025
1194728352,ROBERT GROYSMAN,09-06-2025
1821091075,SUSAN FOWELL,09-06-2025
1649273897,DAVID CHAMBERS,09-06-2025
1558364703,ELISSA ATLAS,09-06-2025
1922001171,JOY ANDERSON,09-06-2025
1831192087,RICHARD FLEMING,09-06-2025
1740283993,MARY DAVITT,09-06-2025
1659374809,MARIA MCPHERSON,09-06-2025
1568465714,LOWELL BAREK,09-06-2025
1477556629,ELIZABETH HAMILTON,09-06-2025
1295738441,LENKE ERKI,09-06-2025
1104829340,JACKSON COTHREN,09-06-2025
1013910256,JOSE ACOSTAMADIEDO,09-06-2025
1922001163,PHILIP ARONOFF,09-06-2025
1831192079,ROMAN KOSIBOROD,09-06-2025
1740283985,MIRIAM GENTIN,09-06-2025
1659374890,ALAN HOLZ,09-06-2025
1568465706,ELIZABETH LAZARUS,09-06-2025
1477556611,ANESSA LEWIS,09-06-2025
1295738433,CHANDRA MOHAN,09-06-2025
1144223280,AMAR GAJJAR,09-06-2025
1053314195,JOSEPH DODD,09-06-2025
1649273772,JAMES ROEDER,09-06-2025
1467455592,RUPERT HANDGRETINGER,09-06-2025
1376546408,BRYAN SNYDER,09-06-2025
1285637314,BASSAM ABI-RACHED,09-06-2025
1902809031,PATRICIA NELSON,09-06-2025
1811990948,DEWEY BOYER,09-06-2025
1720081854,WILLIAM SPIEGEL,09-06-2025
1639172760,DANNY CARROLL,09-06-2025
1457354581,ARVIND CAVALE,09-06-2025
1366445496,GIRIDHAR ANIREDDY,09-06-2025
1275536302,JEROME SCHUTZMAN,09-06-2025
1184627218,LARRY KIEFT,09-06-2025
1093718124,JOSEPH BARBER,09-06-2025
1801899935,DEAN FOCHIOS,09-06-2025
1710980842,STACIE GROSSFELD,09-06-2025
1538162664,SONYA LEFEVER,09-06-2025
1447253570,ARUN GOYAL,09-06-2025
1356344485,STUART WINTHROP,09-06-2025
1265435390,ROBERT STEPHENS,09-06-2025
1053314187,MANU BHARGAVA,09-06-2025
1962405092,JILL JOHNSON,09-06-2025
1780687814,JOSEPH COLOSI,09-06-2025
1407859531,MELANIE SIVLEY,09-06-2025
1316940448,JANEL SAUNDERS,09-06-2025
1225031354,JONATHAN MARSH,09-06-2025
1134122260,ROBERT YEAMAN,09-06-2025
1043213176,MATTHEY HARRIS,09-06-2025
1952304081,SAROJANA HANUMANDLA,09-06-2025
1861495996,DAVID SALINGER,09-06-2025
1770586802,PAIGE YOSHISATO,09-06-2025
1689677718,JAMES GRIGSBY,09-06-2025
1598768624,JACK SOTERAKIS,09-06-2025
1407859523,ROBERT PREHN,09-06-2025
1316940430,JOSEPH FERSTL,09-06-2025
1134122252,MYREL FRANCISCO,09-06-2025
1043213168,SCOTT SOULIER,09-06-2025
1952304073,LEONARD JOFFE,09-06-2025
1861495988,EVA JAKABOVICS,09-06-2025
1770586893,ANIL ALBUQUERQUE,09-06-2025
1598768616,TAYLOR WRAY,09-06-2025
1215930334,ROBERT SKOTNICKI,09-06-2025
1124021241,KRISTIN COOKE,09-06-2025
1033112156,STACIA GOLDEY,09-06-2025
1942203062,FRED STEINBERG,09-06-2025
1851394977,GERARD SCIBILIA,09-06-2025
1760485882,TODD LOFTUS,09-06-2025
1568465581,NANCY MORGAN,09-06-2025
1477556496,JOHN WISE,09-06-2025
1386647303,PATRICK ANDRE,09-06-2025
1295738219,ARTHUR BROCK,09-06-2025
1104829126,CHRISTOPHER SKOCIK,09-06-2025
1013910033,GARRICK HUBBARD,09-06-2025
1821091844,MICHELLE STONE,09-06-2025
1730182759,BARBARA PIGEON,09-06-2025
1497758510,AHMAD HADID,09-06-2025
1205839321,BRADLEY MUDGE,09-06-2025
1114920238,DOUGLAS CLARK,09-06-2025
1932102050,MARK DELLASEGA,09-06-2025
1679576797,GEORGE VILUSHIS,09-06-2025
1841293966,BURTON ALEXANDER,09-06-2025
1558364570,BRUCE DANA,09-06-2025
1285637207,TRACY LARSON,09-06-2025
1194728113,CHRISTOPHER TURNER,09-06-2025
1720081748,LYNN STEVENSON,09-06-2025
1548263569,JOSHUA SUNSHINE,09-06-2025
1457354474,SHAHINA JAVEED,09-06-2025
1366445389,FRANK ANDRIOLA,09-06-2025
1124021134,TERRENCE COLEMAN,09-06-2025
1033112040,KEITH LAMBERSON,09-06-2025
1851394860,GREGG STERN,09-06-2025
1588667596,MICHAEL JERMAN,09-06-2025
1497758403,DESIREE SHAW,09-06-2025
1306849310,SURJIT MOOLAMALLA,09-06-2025
1215930227,MICHAEL GARCIA,09-06-2025
1023011038,MICHAEL KABAR,09-06-2025
1932102944,DENNIS SAMUEL,09-06-2025
1669475679,JOSEPH EISENACH,09-06-2025
1487657490,TERRY RICHARDSON,09-06-2025
1114920121,RICHARD BAKER,09-06-2025
1831192848,MATTHEW JAFFE,09-06-2025
1841293073,MICHAEL SCOCOS,09-06-2025
1669475893,ELIZABETH CURTIS,09-06-2025
1578566709,NANCY GOODMAN,09-06-2025
1487657615,STEVEN SIMONTE,09-06-2025
1295738425,UWAYEMWEN AIDEYAN,09-06-2025
1104829332,JEFFREY ALLOWAY,09-06-2025
1013910249,ANTONIO FLORES,09-06-2025
1659374882,DAVID BURACK,09-06-2025
1568465797,JOSEPH TURNER,09-06-2025
1194728329,JOHN LOFFARELLI,09-06-2025
1003819236,ALVIN STERN,09-06-2025
1730182965,HEATHER WHITE,09-06-2025
1649273871,ALFREDO MENDOZA,09-06-2025
1558364786,FEDERICO BENGOA,09-06-2025
1376546507,KIMBERLY CLARK,09-06-2025
1285637413,TRACY CHAPMAN,09-06-2025
1902809130,MARTHA TURNER,09-06-2025
1720081953,JOSEPH THOMAS,09-06-2025
1548263775,LINDA ANDERSON,09-06-2025
1114920345,DAVID DEMPSEY,09-06-2025
1023011251,SHERRILL SPIRES,09-06-2025
1457354680,JOHN BOYLE,09-06-2025
1366445595,MICHAEL BORUSHOK,09-06-2025
1275536401,JAMES STEVENSON,09-06-2025
1184627317,JAMES WILSON,09-06-2025
1992708127,PAUL FUCHS,09-06-2025
1801899034,TONIA FARMER,09-06-2025
1710980941,ASHRAF AHMED,09-06-2025
1447253679,SUSANNE WOODLAN,09-06-2025
1174526305,LEONARD BERENHOLZ,09-06-2025
1083617211,MARIA CICCIA,09-06-2025
1891798021,BRIAN MORRIS,09-06-2025
1700889938,RICHARD BROWDER,09-06-2025
1528061751,VARALAKSHMI ANNADANAM,09-06-2025
1437152667,FRANK FISCHER,09-06-2025
1255334488,RONALD GARDNER,09-06-2025
1164425393,JOHN HERMANSDORFER,09-06-2025
1073516209,EDUARDO ALSINA,09-06-2025
1790788925,MORGAN SAMMONS,09-06-2025
1144223371,ROBERT PURSELL,09-06-2025
1053314286,MICHAEL COHN,09-06-2025
1962405191,KENNETH DODDS,09-06-2025
1598768723,KELLY KARPA,09-06-2025
1407859630,BARRET LESSENBERRY,09-06-2025
1225031453,STEVEN ELLIS,09-06-2025
1518960731,ROHIT MOGHE,09-06-2025
1427051648,JAMES MORGAN,09-06-2025
1336142553,JONATHAN RUSSELL,09-06-2025
1245233469,JOSEPH JACOBS,09-06-2025
1154324374,EDWARD TRUDO,09-06-2025
1063415289,ROBERTA ROTHEN,09-06-2025
1972506194,SUMPTER BLACKMON,09-06-2025
1881697001,RYAN HAELY,09-06-2025
1699778811,HEIDI CALLAHAN,09-06-2025
1417950635,CHRIS MARINO,09-06-2025
1326041542,ALLEN TAFEL,09-06-2025
1235132457,BRENT ADAMSON,09-06-2025
1144223363,MARC KATZ,09-06-2025
1053314278,BRETT KUNS,09-06-2025
1962405183,DANIEL FOX,09-06-2025
